sweep,seed,N_workers,N_firms,min_wage,market_quit_patience,market_quit_threshold,equal_terms,rl_final_profit,rl_avg_profit,rl_final_workers,rl_final_wage,rl_employment_pct,rl_market_avg_profit,rl_active_firms,base_final_profit,base_avg_profit,base_final_workers,base_final_wage,base_employment_pct,base_market_avg_profit,base_active_firms
N_firms=15,0,100,15,7700,4,0.91,True,13538.786944043677,8441.652978435659,26,8300,100.0,825.2650828925323,15,0.0,-63.007160855221485,0,0,91.0,453.9361780897113,15
N_firms=15,1,100,15,7700,4,0.91,True,4577.325369764178,33.88572176013724,11,8100,100.0,3412.5895456192516,15,0.0,4656.386837441208,0,0,97.0,948.5920521014219,15
N_firms=15,2,100,15,7700,4,0.91,True,460.8477171343693,52.41975618077683,5,8200,100.0,3675.9086177823388,15,0.0,-113.56579061716606,0,0,93.0,3133.894090581127,15
N_firms=15,3,100,15,7700,4,0.91,True,-1090.8004020261724,-2113.037410783594,2,8200,100.0,306.17915612054105,15,0.0,-169.48914256717526,0,0,100.0,3329.305523243367,15
N_firms=15,4,100,15,7700,4,0.91,True,3426.343832067898,7671.925297569696,10,8200,86.0,-1355.167920229451,15,0.0,-312.9886678734554,0,0,98.0,1930.6975815481933,15
N_firms=15,5,100,15,7700,4,0.91,True,-6313.815532819427,-3656.6934379758704,0,8500,100.0,-4983.678643900983,15,0.0,1147.0260304815042,0,0,100.0,1420.8264355161693,15
N_firms=15,6,100,15,7700,4,0.91,True,265.0809542519128,4705.251695546429,18,8700,90.0,3334.5898080331003,15,0.0,-130.11817200410405,0,0,99.0,5888.722713906476,15
N_firms=15,7,100,15,7700,4,0.91,True,-1119.2460072042522,1749.4366818912122,10,8600,88.0,-6838.720362097743,15,0.0,-1141.2996319282327,0,0,99.0,4156.548777623557,15
N_firms=15,8,100,15,7700,4,0.91,True,-1495.6518618565242,-2299.4881165296806,2,8600,98.0,5463.624604580701,15,0.0,-127.19422996206322,0,0,100.0,-2271.604689528829,15
N_firms=15,9,100,15,7700,4,0.91,True,14021.033970645134,11997.037634872762,21,8600,84.0,3034.2796981087263,15,0.0,-38.289784838663536,0,0,100.0,-4350.2774141948885,15
N_firms=15,10,100,15,7700,4,0.91,True,-1914.5598333437283,-1319.3044914025024,1,8500,99.0,-3402.22563046027,15,0.0,-1248.3876605988617,0,0,100.0,130.44173582175088,15
N_firms=15,11,100,15,7700,4,0.91,True,-6336.937333875257,-1903.8998371253383,0,7900,84.0,2543.2103727538197,15,0.0,87.35236865577436,0,0,100.0,-394.72583422223977,15
N_firms=15,12,100,15,7700,4,0.91,True,-1630.094315941411,-2530.8696651129367,2,8400,94.0,-2895.360404156733,15,0.0,1006.7357523479739,0,0,93.0,5905.239292471615,15
N_firms=15,13,100,15,7700,4,0.91,True,-1180.1690577942427,-1169.8051842438015,4,8300,100.0,7082.535806255356,15,0.0,601.1961573294482,0,0,100.0,843.351489724135,15
N_firms=15,14,100,15,7700,4,0.91,True,-1116.6881543147028,-2245.6676942095864,1,7800,94.0,646.1974087658812,15,0.0,1231.3157966959714,0,0,99.0,7774.487696131206,15
N_firms=15,15,100,15,7700,4,0.91,True,-1316.307582923845,-4388.677033460082,1,8200,98.0,1216.6547750206798,15,0.0,-61.41536867884728,0,0,66.0,-3679.554789520678,15
N_firms=15,16,100,15,7700,4,0.91,True,5868.3959410837415,5523.11500286145,26,8400,92.0,741.6174015159988,15,0.0,3362.8674884342245,0,0,96.0,2345.662560320151,15
N_firms=15,17,100,15,7700,4,0.91,True,-2001.972975652483,11.348029578231008,9,8800,99.0,-842.5866680494277,15,0.0,-194.16197930999598,0,0,97.0,-6714.171068346778,15
N_firms=15,18,100,15,7700,4,0.91,True,-86.24660228840366,3697.912667142825,13,8700,100.0,-1291.9442547060903,15,0.0,-240.65356498540584,0,0,98.0,-4155.170755071504,15
N_firms=15,19,100,15,7700,4,0.91,True,-765.7508459948076,1781.5595935868496,12,8900,92.0,-5505.622619291017,15,0.0,-241.19262049169924,0,0,100.0,572.7466162036019,15
N_firms=15,20,100,15,7700,4,0.91,True,7777.612233149062,5968.24803283355,21,8500,100.0,3025.936229618899,15,0.0,502.51760040147155,0,0,98.0,3455.458535341396,15
N_firms=15,21,100,15,7700,4,0.91,True,-15975.120939892822,-1477.8803807316472,1,8400,97.0,3425.154332586566,15,0.0,1068.345661022473,0,0,92.0,5790.290479314442,15
N_firms=15,22,100,15,7700,4,0.91,True,-687.3415621853419,-1779.1866665110201,2,7900,100.0,8332.136084531061,15,0.0,-266.0776426615258,0,0,82.0,-3377.832937097877,15
N_firms=15,23,100,15,7700,4,0.91,True,-3048.2730135910915,-1325.9722824516243,2,8900,96.0,3497.7560292511994,15,0.0,911.5947936715157,0,0,94.0,-784.2267932955226,15
N_firms=15,24,100,15,7700,4,0.91,True,7914.010219391661,6869.892847914909,15,8700,100.0,-4660.048826093097,15,0.0,2773.3296432043617,0,0,93.0,-968.0014660997928,15
N_firms=15,25,100,15,7700,4,0.91,True,7815.834779953919,8243.837710036925,19,8600,96.0,933.986560270067,15,0.0,-92.93549574366126,0,0,100.0,9795.58103491621,15
N_firms=15,26,100,15,7700,4,0.91,True,-1332.0185468161126,-2629.872835168715,3,8500,99.0,2464.6302867409963,15,0.0,5739.479075480146,0,0,99.0,4766.329247656876,15
N_firms=15,27,100,15,7700,4,0.91,True,-8273.997193813528,-2868.686067022844,0,8200,92.0,-2319.3707438434926,15,0.0,-241.00978089173915,0,0,100.0,-452.8835223840273,15
N_firms=15,28,100,15,7700,4,0.91,True,-6173.917786866633,-4892.7942349908035,0,8800,100.0,-9532.637811600278,15,0.0,2781.7152090301743,0,0,99.0,1469.7075821484714,15
N_firms=15,29,100,15,7700,4,0.91,True,12239.255238918195,4899.307621099616,24,8500,98.0,-860.1544151800548,15,0.0,1648.7346529136323,0,0,100.0,5989.247436443902,15
N_firms=5,0,100,5,7700,4,0.91,True,2918.131312274054,13434.621001867043,14,8400,57.0,-3400.33908686695,5,0.0,-71.37174216511298,0,0,92.0,26915.44160318166,5
N_firms=5,1,100,5,7700,4,0.91,True,10918.85798662006,7644.7623777351355,21,7900,68.0,11107.778124341045,5,0.0,12205.003062429027,0,0,84.0,15310.719055869336,5
N_firms=5,2,100,5,7700,4,0.91,True,12940.464372977498,8918.394142766974,26,7800,94.0,6244.79695673126,5,0.0,-113.56579061716606,0,0,69.0,4251.105868251965,5
N_firms=5,3,100,5,7700,4,0.91,True,-12.064733835706647,-394.1317997563271,4,7700,85.0,3751.093395594036,5,0.0,-104.49199971003242,0,0,100.0,30345.505837645283,5
N_firms=5,4,100,5,7700,4,0.91,True,6242.7685299369405,9616.736553701303,13,8300,47.0,-746.7905119490997,5,1056.7834463396648,1856.6875829208536,5,7851,61.0,-7742.706965204166,5
N_firms=5,5,100,5,7700,4,0.91,True,-7713.249568132016,-1406.9573570585421,0,7800,44.0,-18920.845369217415,5,0.0,8065.2247475148015,0,0,98.0,28801.88372497986,5
N_firms=5,6,100,5,7700,4,0.91,True,14482.693478483285,9579.159569384243,19,7800,100.0,6576.566353259676,5,0.0,-256.1758173807702,0,0,97.0,26209.771693609182,5
N_firms=5,7,100,5,7700,4,0.91,True,22206.28637097687,12097.794114639895,38,7800,90.0,13517.387013841473,5,0.0,7432.972465952813,0,0,58.0,17892.286469281145,5
N_firms=5,8,100,5,7700,4,0.91,True,5724.1039381930605,3944.475469604001,31,7800,100.0,17945.621161513285,5,18516.787248074776,9217.09082028178,26,7700,96.0,19084.261497094027,5
N_firms=5,9,100,5,7700,4,0.91,True,5277.9793239458595,10844.810874055353,9,8800,98.0,24493.242025248983,5,0.0,-152.95342301170632,0,0,20.0,-13612.212715313706,5
N_firms=5,10,100,5,7700,4,0.91,True,6528.867325277315,5557.1496643137025,25,7900,97.0,15743.57036126969,5,0.0,491.3130101512257,0,0,76.0,12351.814508026368,5
N_firms=5,11,100,5,7700,4,0.91,True,-1183.3894602439514,-1536.0422640716833,1,7700,98.0,21918.973821285308,5,0.0,4852.799360048652,0,0,30.0,-7575.702927436438,5
N_firms=5,12,100,5,7700,4,0.91,True,2783.5714035349956,265.653689516521,21,7700,91.0,11995.866928439122,5,0.0,-96.60714376707827,0,0,61.0,15075.906334618983,5
N_firms=5,13,100,5,7700,4,0.91,True,8468.23455600685,2798.6391408605236,24,7700,99.0,24678.79358828317,5,21424.30213701725,10721.56097140945,22,8348,93.0,21987.097042721773,5
N_firms=5,14,100,5,7700,4,0.91,True,-1287.631175267762,-1651.5834036424114,1,7700,93.0,10265.962007291955,5,0.0,13894.28966822969,0,0,42.0,-6841.499749007419,5
N_firms=5,15,100,5,7700,4,0.91,True,-861.7799041575936,-1994.7646544604263,2,7700,62.0,566.3498584414672,5,0.0,-58.56259152503809,0,0,92.0,18420.93868567298,5
N_firms=5,16,100,5,7700,4,0.91,True,21526.334613329105,11479.194096312742,27,7800,78.0,14243.166319092707,5,0.0,4928.962398297502,0,0,89.0,23595.680052357726,5
N_firms=5,17,100,5,7700,4,0.91,True,10819.308212411182,10063.582653303316,24,8100,91.0,16908.501499160626,5,519.5437573034942,492.66256684314936,5,7700,79.0,-1547.0483730244464,5
N_firms=5,18,100,5,7700,4,0.91,True,16102.793681779076,10933.100814099234,24,8000,80.0,15902.85795449284,5,0.0,-310.40362774502773,0,0,68.0,21522.4125653977,5
N_firms=5,19,100,5,7700,4,0.91,True,21046.453712045026,13482.8656951696,23,7900,85.0,11831.777565681201,5,0.0,-247.49630231229244,0,0,89.0,10868.933921315638,5
N_firms=5,20,100,5,7700,4,0.91,True,14564.584092800564,11626.882010409801,16,8100,98.0,22540.320576733302,5,0.0,10458.301212042636,0,0,49.0,-2356.011074190677,5
N_firms=5,21,100,5,7700,4,0.91,True,7040.182317049461,3890.3256932894446,27,7700,90.0,12151.81448758029,5,0.0,14089.507438294553,0,0,88.0,4089.3022464591654,5
N_firms=5,22,100,5,7700,4,0.91,True,-269.2330782551253,-382.0917531119427,5,7700,97.0,23583.216643096723,5,0.0,-268.2796066830699,0,0,90.0,21208.344979389058,5
N_firms=5,23,100,5,7700,4,0.91,True,5116.982899656694,2538.1931035246353,24,7700,97.0,11728.89274452781,5,0.0,8915.646703892471,0,0,54.0,9805.727684529842,5
N_firms=5,24,100,5,7700,4,0.91,True,28700.279085385482,13127.799679544472,22,7700,100.0,20955.23170093375,5,0.0,-67.09084690659569,0,0,100.0,22309.978321788247,5
N_firms=5,25,100,5,7700,4,0.91,True,8909.566117276314,8526.630935386453,8,7900,85.0,19841.987736927793,5,0.0,-56.69217683224835,0,0,76.0,8975.39551362619,5
N_firms=5,26,100,5,7700,4,0.91,True,6451.641311530111,1998.705276245867,20,7700,53.0,6140.932809390714,5,18437.902263422497,15674.366061600955,19,8625,92.0,15753.608148496063,5
N_firms=5,27,100,5,7700,4,0.91,True,-81.25067890623177,-174.5706925151584,6,7700,95.0,16149.890436352323,5,670.3133893591621,617.2525895817212,5,7700,76.0,15276.237185742293,5
N_firms=5,28,100,5,7700,4,0.91,True,-1111.7018524165924,-1693.7013112964835,3,7700,68.0,9775.346785478909,5,0.0,11416.262635489498,0,0,94.0,22758.168110730338,5
N_firms=5,29,100,5,7700,4,0.91,True,10942.373966972395,9285.712508923783,7,7800,100.0,13928.087135204289,5,0.0,12060.212156103526,0,0,52.0,11038.505573913704,5
N_workers=150,0,150,10,7700,4,0.91,True,9796.436827698752,8929.541156610883,29,8000,88.0,9497.167367711003,10,0.0,13203.195980143555,0,0,82.66666666666667,15460.419534593098,10
N_workers=150,1,150,10,7700,4,0.91,True,25336.91517344881,15803.895491336132,18,7900,98.0,14065.33824504827,10,381.25615518680934,148.99199027891308,4,7700,68.0,9004.06859974626,10
N_workers=150,2,150,10,7700,4,0.91,True,-632.4358899165682,-1160.7264508273634,1,7700,74.0,14012.984619775167,10,0.0,9346.689771695164,0,0,74.0,-2608.1981468881727,10
N_workers=150,3,150,10,7700,4,0.91,True,26247.157720597315,15209.512544378418,34,8100,94.0,11683.012590846487,10,0.0,5223.466029326028,0,0,82.0,10871.600967855868,10
N_workers=150,4,150,10,7700,4,0.91,True,9991.24723233092,4142.536264178405,23,7700,93.33333333333333,10064.496483919469,10,0.0,15071.36267551784,0,0,78.0,10000.432757699815,10
N_workers=150,5,150,10,7700,4,0.91,True,32478.06217923471,16777.50862677665,26,7900,100.0,17856.269554928167,10,0.0,3816.6223422265653,0,0,94.0,11691.99835599729,10
N_workers=150,6,150,10,7700,4,0.91,True,26667.892292206656,16944.793950398383,28,8100,80.66666666666667,11256.431983635632,10,0.0,-184.77033908601405,0,0,72.0,14280.065343828499,10
N_workers=150,7,150,10,7700,4,0.91,True,29.798120489031135,-1317.0217595565678,13,7700,46.666666666666664,6486.560516421445,10,0.0,8122.090039297515,0,0,97.33333333333333,16214.912682154052,10
N_workers=150,8,150,10,7700,4,0.91,True,-11743.779028681347,-2077.8519543871907,2,7700,67.33333333333333,11685.58681544582,10,0.0,2109.8225201321834,0,0,80.66666666666667,14470.888154316572,10
N_workers=150,9,150,10,7700,4,0.91,True,-13564.517531837046,3828.5618588825555,17,8600,79.33333333333333,1206.7389016368074,10,0.0,-171.6346692058195,0,0,87.33333333333333,12928.675158381386,10
N_workers=150,10,150,10,7700,4,0.91,True,-79.80052498856458,-137.6857114671997,7,7700,82.66666666666667,8313.208126161795,10,0.0,10370.196804973148,0,0,79.33333333333333,18258.126690184617,10
N_workers=150,11,150,10,7700,4,0.91,True,34758.082093466626,23340.373528465603,25,8100,96.0,14831.225359625305,10,0.0,11188.995850845995,0,0,85.33333333333333,13531.490367038426,10
N_workers=150,12,150,10,7700,4,0.91,True,-1117.6346141644844,-1464.0735477572675,3,7700,100.0,13267.06418184433,10,0.0,-106.96320228799583,0,0,96.66666666666667,22643.218643610453,10
N_workers=150,13,150,10,7700,4,0.91,True,-1008.9816486047348,-2254.6796039331903,1,7700,98.0,16332.260557947273,10,0.0,-210.12066599238565,0,0,100.0,14146.665045869668,10
N_workers=150,14,150,10,7700,4,0.91,True,8986.198088808262,7049.692865134277,19,8000,98.66666666666667,8428.34956759569,10,0.0,-371.03114615219744,0,0,100.0,19653.26598055562,10
N_workers=150,15,150,10,7700,4,0.91,True,29908.19531256343,15144.187989548394,33,7800,93.33333333333333,11876.012532231036,10,0.0,313.2354948478519,0,0,83.33333333333333,18209.33684226476,10
N_workers=150,16,150,10,7700,4,0.91,True,10285.589507316763,6789.7665629930425,27,7900,92.66666666666667,11970.44179296955,10,0.0,-36.69834650213448,0,0,100.0,18800.87971941896,10
N_workers=150,17,150,10,7700,4,0.91,True,19494.136498783177,11398.548973409213,15,7900,83.33333333333333,16240.37476822148,10,0.0,-250.60716129737645,0,0,86.66666666666667,15511.543985478382,10
N_workers=150,18,150,10,7700,4,0.91,True,5373.029742754123,8131.367960658263,29,8200,95.33333333333333,9709.926029930639,10,0.0,1416.166658446912,0,0,89.33333333333333,12942.213587654822,10
N_workers=150,19,150,10,7700,4,0.91,True,11773.968888185744,7621.533652636784,26,8000,96.0,13483.881946161568,10,0.0,11960.564884122632,0,0,98.66666666666667,17782.049810440974,10
N_workers=150,20,150,10,7700,4,0.91,True,-4516.0676483216375,4586.777328688085,13,8700,80.66666666666667,11876.943054215428,10,0.0,-349.4157988159882,0,0,88.0,15051.976539682892,10
N_workers=150,21,150,10,7700,4,0.91,True,25045.23309703391,12582.474761443616,20,7900,75.33333333333333,17259.616434945397,10,0.0,5634.763598736481,0,0,91.33333333333333,9576.863915863865,10
N_workers=150,22,150,10,7700,4,0.91,True,-875.6524238229122,-1798.9981219742294,2,7700,95.33333333333333,12372.763282967728,10,40408.04344393349,20930.79666605239,32,7700,100.0,16903.140979817428,10
N_workers=150,23,150,10,7700,4,0.91,True,42411.02208307988,20032.115085436013,28,7700,99.33333333333333,17181.026474624516,10,0.0,-383.37523670940783,0,0,84.66666666666667,8490.406659972152,10
N_workers=150,24,150,10,7700,4,0.91,True,20048.630530824805,13623.963349853515,10,7700,79.33333333333333,15386.64368028186,10,0.0,5475.391197823933,0,0,99.33333333333333,24371.430369872578,10
N_workers=150,25,150,10,7700,4,0.91,True,-7779.5233147505205,1590.3744044946004,12,8700,78.66666666666667,10799.371282767823,10,0.0,80.89824990754474,0,0,92.66666666666667,20240.352303782904,10
N_workers=150,26,150,10,7700,4,0.91,True,14440.407713438282,8278.500570932802,29,7800,98.66666666666667,12166.855916080012,10,0.0,5621.450732233844,0,0,100.0,15517.155956795852,10
N_workers=150,27,150,10,7700,4,0.91,True,5758.655626251777,12110.135847430118,11,8700,76.66666666666667,221.99011428301054,10,0.0,3072.9767030098064,0,0,94.66666666666667,20513.071103884944,10
N_workers=150,28,150,10,7700,4,0.91,True,7581.3842393397645,4123.3576310100725,27,7800,100.0,9363.18540059853,10,0.0,9637.33817225676,0,0,66.66666666666667,15891.163699402183,10
N_workers=150,29,150,10,7700,4,0.91,True,9925.201690826289,5741.437788897098,28,7800,96.66666666666667,12375.754163413183,10,-19794.248265537608,5261.6298626700545,10,9819,84.66666666666667,9739.873774547625,10
N_workers=50,0,50,10,7700,4,0.91,True,-2613.488170506349,-2910.597184931443,2,9200,100.0,741.7186112630179,10,0.0,1121.7607170769063,0,0,74.0,-11294.594380506222,10
N_workers=50,1,50,10,7700,4,0.91,True,-5969.835107522409,-1759.730073274875,1,8600,100.0,-101.3718110132224,10,0.0,20.769153840849157,0,0,100.0,-4393.003726453266,10
N_workers=50,2,50,10,7700,4,0.91,True,-3120.8102535097714,3351.771941625737,10,9800,66.0,-6412.57105764212,10,0.0,-701.3186512597646,0,0,94.0,-3230.2768825276385,10
N_workers=50,3,50,10,7700,4,0.91,True,2422.914099900503,-43.03687752828351,11,8600,98.0,4564.721655356972,10,0.0,-235.89035007268922,0,0,98.0,-13858.945345493037,10
N_workers=50,4,50,10,7700,4,0.91,True,-2243.3778109940467,1375.5625675896708,7,9100,100.0,-2418.4117427006818,10,0.0,-226.9908541306903,0,0,76.0,-10821.110246931017,10
N_workers=50,5,50,10,7700,4,0.91,True,-1804.725577643123,-3869.6853890704697,2,8300,100.0,5557.018615020456,10,0.0,-202.47987058560705,0,0,96.0,-1898.0897399922608,10
N_workers=50,6,50,10,7700,4,0.91,True,-4703.779487237909,3192.163138130496,11,9500,100.0,-7668.069464653063,10,0.0,-7.6071293619151925,0,0,100.0,-38.67234322634467,10
N_workers=50,7,50,10,7700,4,0.91,True,-1455.3274543796924,-1858.5017649585814,2,8900,100.0,-3618.0713257975635,10,0.0,-352.04605297854346,0,0,100.0,2544.0556819073972,10
N_workers=50,8,50,10,7700,4,0.91,True,9661.651009827721,4478.363017558969,25,8800,98.0,-9141.945162945902,10,0.0,-270.9037591346647,0,0,100.0,-10284.341320758738,10
N_workers=50,9,50,10,7700,4,0.91,True,6862.678517690205,1290.5420427283823,13,8400,100.0,-3756.882728835645,10,0.0,622.4372308750446,0,0,100.0,-2015.4678379570228,10
N_workers=50,10,50,10,7700,4,0.91,True,-14325.625794658648,1343.0766996752684,1,9100,88.0,-10113.262881295926,10,0.0,-553.7359234269807,0,0,94.0,-4116.956843119397,10
N_workers=50,11,50,10,7700,4,0.91,True,-1368.354543053294,-3968.180117885983,1,8400,100.0,331.09047467095695,10,0.0,-475.1689458662215,0,0,86.0,2202.926300280472,10
N_workers=50,12,50,10,7700,4,0.91,True,-1028.9072671083122,2060.6443975838206,7,9200,84.0,-5067.00237979159,10,0.0,-526.6851372326211,0,0,100.0,2673.649266095479,10
N_workers=50,13,50,10,7700,4,0.91,True,-2348.919206147346,-3163.0487028247053,2,8900,92.0,-2869.679370411473,10,0.0,-440.2204583642049,0,0,96.0,-5573.669558814171,10
N_workers=50,14,50,10,7700,4,0.91,True,-1965.4288139081327,-4976.202478080273,2,8600,100.0,1938.8769582736616,10,0.0,-120.95880933882394,0,0,100.0,5364.543692661314,10
N_workers=50,15,50,10,7700,4,0.91,True,-2086.012694316045,-5509.516026553824,1,8400,96.0,-1527.1221516334258,10,0.0,508.1664018583854,0,0,98.0,-542.6421138247142,10
N_workers=50,16,50,10,7700,4,0.91,True,203.9220431851718,5464.49572151439,18,9600,100.0,-9141.963614164943,10,0.0,-122.90415028298527,0,0,98.0,4065.0958051202506,10
N_workers=50,17,50,10,7700,4,0.91,True,10159.768579624288,4968.269522459453,23,8400,100.0,-5233.7383361634775,10,0.0,-488.1406146448239,0,0,86.0,2349.236609726976,10
N_workers=50,18,50,10,7700,4,0.91,True,-7385.723205753049,-441.9274053652428,7,9400,96.0,-1742.7288717002568,10,0.0,-401.6545501145782,0,0,94.0,-1698.4468970314797,10
N_workers=50,19,50,10,7700,4,0.91,True,-393.0985074187338,930.7226690447204,7,8900,100.0,-5326.384587785575,10,0.0,-669.2901391568198,0,0,94.0,-1018.7127638882739,10
N_workers=50,20,50,10,7700,4,0.91,True,-6695.547106956179,-4081.596384786936,0,8400,98.0,-734.4305050919626,10,0.0,-564.3471904579144,0,0,100.0,-1311.6964222850772,10
N_workers=50,21,50,10,7700,4,0.91,True,9846.68623315738,8038.977778454276,27,9000,100.0,-10231.3283010818,10,0.0,-603.921278853622,0,0,100.0,-1159.3326674223408,10
N_workers=50,22,50,10,7700,4,0.91,True,-5616.223391463368,-3815.0123330812103,0,8300,100.0,-3461.7776683827688,10,0.0,-471.310375345487,0,0,84.0,-6854.196669858453,10
N_workers=50,23,50,10,7700,4,0.91,True,-3982.5354811202524,-1396.9097992452087,4,9200,84.0,-4121.528931869029,10,0.0,-686.0202026836646,0,0,88.0,-1257.4773343765034,10
N_workers=50,24,50,10,7700,4,0.91,True,-5444.201784916477,-4003.097460288575,0,8700,100.0,-2732.938667575049,10,0.0,-159.65517267371007,0,0,96.0,-3369.188503922867,10
N_workers=50,25,50,10,7700,4,0.91,True,-716.616024771246,-3240.0231651664053,1,8500,80.0,-2019.4496262937494,10,0.0,-558.3584362394274,0,0,98.0,4413.119605084516,10
N_workers=50,26,50,10,7700,4,0.91,True,12355.028340386998,5720.889429646246,20,8900,100.0,-8335.440211151028,10,0.0,406.50400959839357,0,0,100.0,-2980.9461130229224,10
N_workers=50,27,50,10,7700,4,0.91,True,9502.864176643547,7779.665566390723,24,8900,98.0,-2546.6731148960607,10,0.0,-672.2396621166475,0,0,84.0,-6752.986096414153,10
N_workers=50,28,50,10,7700,4,0.91,True,-1887.12174365166,2844.0139187195828,9,9500,72.0,-8678.015542649115,10,0.0,974.74368546377,0,0,100.0,2948.1634871980295,10
N_workers=50,29,50,10,7700,4,0.91,True,-9548.829210727004,-3669.291208612722,0,8500,100.0,-4158.033502494559,10,0.0,154.0709271978724,0,0,100.0,1845.4578828986123,10
base,0,100,10,7700,4,0.91,True,4480.221608050764,12531.366320842637,13,8300,74.0,-3896.6932883750314,10,0.0,-73.16785606658105,0,0,100.0,9462.783085174568,10
base,1,100,10,7700,4,0.91,True,4864.329016386051,4869.2963272722955,23,8300,100.0,6630.42949297671,10,0.0,4502.468949711861,0,0,99.0,11911.190182900742,10
base,2,100,10,7700,4,0.91,True,-11821.682390607864,5398.6770675168755,17,8900,93.0,7256.369884397583,10,0.0,-113.56579061716606,0,0,81.0,-782.1367865200948,10
base,3,100,10,7700,4,0.91,True,-372.1786343777767,-1964.1449428174699,5,7700,92.0,4853.141896442224,10,0.0,-53.318362899484306,0,0,80.0,-4615.804091121937,10
base,4,100,10,7700,4,0.91,True,23290.33855814628,13785.983703362412,29,7900,94.0,4303.321044888001,10,0.0,421.4985366184257,0,0,63.0,6796.031436718205,10
base,5,100,10,7700,4,0.91,True,-1651.1348982654654,-1480.7195745639542,1,8500,98.0,4980.510357379084,10,0.0,9625.377359893126,0,0,86.0,4624.972167878723,10
base,6,100,10,7700,4,0.91,True,13519.894492678999,8255.189915227986,28,8000,74.0,-3728.1331393571695,10,0.0,-135.39717763697104,0,0,82.0,6549.409816400062,10
base,7,100,10,7700,4,0.91,True,22947.08960863964,12447.138242559762,34,7800,96.0,6356.763477756844,10,0.0,3227.929590531557,0,0,46.0,-5746.651818839491,10
base,8,100,10,7700,4,0.91,True,-7473.851279364033,404.5999978580372,9,8400,64.0,3834.392023287558,10,0.0,-127.19422996206322,0,0,74.0,732.9879529214825,10
base,9,100,10,7700,4,0.91,True,24966.807388354457,14797.935664405082,27,8300,100.0,7292.600616689559,10,0.0,-150.90086888485146,0,0,74.0,-1170.294734612819,10
base,10,100,10,7700,4,0.91,True,-2282.849696131845,1791.55039898506,8,8400,97.0,9961.903371403632,10,0.0,95.56193790782933,0,0,100.0,12157.102797826561,10
base,11,100,10,7700,4,0.91,True,-1036.798853301486,-1800.714006879589,1,7800,90.0,9602.469842421295,10,0.0,-110.8128487862915,0,0,92.0,5365.377569620672,10
base,12,100,10,7700,4,0.91,True,-1030.094315941411,-985.5430014650395,2,8100,100.0,8798.41218808204,10,0.0,544.3016733640526,0,0,92.0,10639.666615064203,10
base,13,100,10,7700,4,0.91,True,3086.5365071393608,1653.8725545404752,19,7900,100.0,3984.726327114652,10,0.0,5760.731721067289,0,0,97.0,11177.051669909028,10
base,14,100,10,7700,4,0.91,True,-1016.6881543147019,-1622.6672320669004,1,7700,100.0,9987.340778478501,10,0.0,9260.481607601692,0,0,88.0,12409.292539414582,10
base,15,100,10,7700,4,0.91,True,-6397.164420586831,-3577.2822050127706,0,7900,100.0,7833.375960689571,10,0.0,-176.0419797643832,0,0,100.0,10885.796525030968,10
base,16,100,10,7700,4,0.91,True,3737.22078382349,5479.321571620275,16,8500,100.0,1174.0539781479958,10,0.0,5219.757147005372,0,0,67.0,1831.061156863124,10
base,17,100,10,7700,4,0.91,True,-9130.144246124219,1981.6220194740567,9,9500,35.0,-12447.830334661421,10,0.0,-169.04581270510556,0,0,100.0,11308.475955042986,10
base,18,100,10,7700,4,0.91,True,14566.773868252145,9724.997375127577,27,8000,91.0,5249.483608967909,10,0.0,-138.4138674033771,0,0,100.0,5757.756776233184,10
base,19,100,10,7700,4,0.91,True,18403.192165884117,11464.952849498144,27,8100,100.0,8618.718913843028,10,0.0,-241.19262049169924,0,0,100.0,7750.088962692449,10
base,20,100,10,7700,4,0.91,True,8259.758123962136,15490.837927301764,20,8600,84.0,2329.28838961537,10,0.0,7279.518328931217,0,0,81.0,1468.5568754995722,10
base,21,100,10,7700,4,0.91,True,-43.501097265692806,-865.449622146635,5,7900,100.0,10383.845980940316,10,0.0,6275.917908683564,0,0,98.0,14166.861638518076,10
base,22,100,10,7700,4,0.91,True,-269.2330782551253,-309.59832413510384,5,7700,99.0,8663.139342375662,10,0.0,-350.32521589965796,0,0,100.0,9337.327855329797,10
base,23,100,10,7700,4,0.91,True,-2204.59560271581,-28.11792203968582,7,8100,100.0,5152.19962037452,10,0.0,2057.536639952234,0,0,96.0,13115.853007349084,10
base,24,100,10,7700,4,0.91,True,16856.218334838573,12557.61118221201,25,8300,97.0,3761.552965252381,10,8650.197824043382,13354.737060076392,19,8976,100.0,4902.029444373789,10
base,25,100,10,7700,4,0.91,True,4901.879998275734,7812.81165061218,16,8700,100.0,4260.423939253944,10,0.0,-139.83985582397835,0,0,100.0,12399.995333954223,10
base,26,100,10,7700,4,0.91,True,-1995.115968207203,-798.6271044918208,2,8900,89.0,6302.281105365768,10,0.0,3733.145735088037,0,0,72.0,-1086.125962580504,10
base,27,100,10,7700,4,0.91,True,-2674.6531397563485,-1107.2928210469877,2,8600,94.0,6734.267389306416,10,0.0,-50.29134513028055,0,0,86.0,7555.182623508304,10
base,28,100,10,7700,4,0.91,True,-830.932579305605,-1651.7626418043644,1,7700,100.0,7435.106066491103,10,0.0,7993.2211043530015,0,0,63.0,-532.2915428820113,10
base,29,100,10,7700,4,0.91,True,24521.661900000065,14742.037266272455,26,8200,99.0,8984.1219126019,10,0.0,6674.395101304835,0,0,59.0,7304.177325804379,10
base,30,100,10,7700,4,0.91,True,3854.1300211194757,7959.193053371859,14,8600,100.0,-1526.8917821297714,10,21715.90086563889,11567.388601594696,17,8035,94.0,3608.3434313519465,10
base,31,100,10,7700,4,0.91,True,-513.1533143969136,-719.9245170514133,3,7700,100.0,4526.271250787346,10,0.0,-376.4819462642664,0,0,94.0,7144.804550285742,10
base,32,100,10,7700,4,0.91,True,36365.557852097685,17277.138119408508,31,7800,100.0,13515.390854906716,10,0.0,-195.00420802070892,0,0,100.0,7118.332652943476,10
base,33,100,10,7700,4,0.91,True,-1195.9696693894139,-1896.2976064414695,1,7700,100.0,11073.062891983618,10,0.0,4451.7609766083315,0,0,100.0,6155.35828248207,10
base,34,100,10,7700,4,0.91,True,18536.272328933585,13483.902974681083,22,8500,99.0,8521.244395625288,10,0.0,1251.8248665025721,0,0,100.0,5790.681660119614,10
base,35,100,10,7700,4,0.91,True,19851.184673282754,19506.7760756728,17,8500,100.0,119.71853122111861,10,0.0,-174.06263108876632,0,0,100.0,10816.529211513183,10
base,36,100,10,7700,4,0.91,True,-3737.9167602402085,1470.2974939904861,10,8500,71.0,3348.725985079068,10,0.0,-59.40101097039296,0,0,95.0,8379.974207724732,10
base,37,100,10,7700,4,0.91,True,2741.8430941547995,-454.059763289748,17,7700,97.0,8458.625800857299,10,0.0,1653.4757752877092,0,0,98.0,10255.771054185741,10
base,38,100,10,7700,4,0.91,True,8682.191184031064,9901.017894691182,27,8400,91.0,3905.2483432984036,10,0.0,-80.07783898279699,0,0,92.0,8602.165752894798,10
base,39,100,10,7700,4,0.91,True,1867.192267932318,16718.73242826989,14,9500,98.0,4707.480339046725,10,0.0,10395.814390313499,0,0,93.0,14016.324010029846,10
base,40,100,10,7700,4,0.91,True,14864.24938677119,9316.108295523129,20,8200,81.0,5700.6668666702535,10,0.0,-146.73021553597627,0,0,94.0,4929.285065075191,10
base,41,100,10,7700,4,0.91,True,-9899.157458091096,2194.8277930561944,13,9300,81.0,-830.119730554449,10,0.0,724.2850124781804,0,0,85.0,6893.585168276732,10
base,42,100,10,7700,4,0.91,True,3324.2132928807478,1965.98835803362,7,7800,100.0,7499.161962542445,10,16329.52124583938,7890.931714686564,20,8709,95.0,7434.435490553908,10
base,43,100,10,7700,4,0.91,True,10770.037324808101,12110.913210641922,22,8500,100.0,3397.6219121225067,10,0.0,271.6971886319113,0,0,90.0,3092.9920942006684,10
base,44,100,10,7700,4,0.91,True,1396.6169381674845,17573.36273220079,14,9100,61.0,-2176.862246879671,10,0.0,2595.2448123328295,0,0,88.0,9250.915443284719,10
base,45,100,10,7700,4,0.91,True,4990.05627495634,7939.960932255704,17,8600,97.0,10400.430872170662,10,0.0,1865.9301776072955,0,0,60.0,-3538.7910229474023,10
base,46,100,10,7700,4,0.91,True,-1084.8919333399117,-582.9560951796033,3,8000,92.0,7873.202361671065,10,0.0,-57.910021412725285,0,0,100.0,13424.908489623233,10
base,47,100,10,7700,4,0.91,True,5490.952499713894,1922.2952535013749,19,7700,100.0,11590.338661698916,10,0.0,2218.633028970507,0,0,100.0,-2738.6988623042675,10
base,48,100,10,7700,4,0.91,True,-6025.54849054513,-1507.047470996306,6,8500,81.0,7965.2410563271305,10,0.0,-139.6512480301821,0,0,100.0,6098.419884726044,10
base,49,100,10,7700,4,0.91,True,10796.60110390796,7837.562415761624,31,7900,100.0,5973.845838982642,10,0.0,58.88367273613245,0,0,87.0,12376.89176476507,10
base,50,100,10,7700,4,0.91,True,13085.023219109658,9915.454254032398,17,8400,100.0,6126.77897599269,10,0.0,896.4848944701645,0,0,65.0,-4811.546293950458,10
base,51,100,10,7700,4,0.91,True,2433.2276482673333,12606.922533584115,11,9300,86.0,932.1686867806959,10,0.0,-211.3017164736223,0,0,84.0,8059.281312978336,10
base,52,100,10,7700,4,0.91,True,652.60798430469,8103.621974284749,15,8900,64.0,-4262.393854989609,10,0.0,3597.089606169171,0,0,67.0,-2949.1336705049644,10
base,53,100,10,7700,4,0.91,True,3887.3919864854615,13265.735769097797,12,9200,96.0,5205.995976617974,10,0.0,2865.8211942217918,0,0,63.0,-10895.636531732476,10
base,54,100,10,7700,4,0.91,True,-2830.6500269645258,888.9561361037825,8,8400,99.0,12253.455895192588,10,0.0,-131.80571445216995,0,0,100.0,14099.434253850233,10
base,55,100,10,7700,4,0.91,True,15095.187373764566,11614.266752378682,31,8300,90.0,5930.926179552395,10,0.0,4049.831609122469,0,0,88.0,7478.1594608151645,10
base,56,100,10,7700,4,0.91,True,-1079.9899465638218,-1808.7919568289365,1,7800,76.0,3649.3518231445037,10,0.0,884.3858488585112,0,0,79.0,9638.631093416228,10
base,57,100,10,7700,4,0.91,True,1582.8474126159817,-1457.0998780895018,7,7700,88.0,13771.098900800785,10,0.0,5215.789355239123,0,0,100.0,446.0461039945418,10
base,58,100,10,7700,4,0.91,True,26509.806824200103,18304.793990984086,32,8200,100.0,9597.062088086755,10,0.0,-204.20305323144362,0,0,100.0,12373.815442699031,10
base,59,100,10,7700,4,0.91,True,34541.08194479147,22367.870348070526,30,8000,100.0,8523.526456670832,10,0.0,2876.7481909799567,0,0,100.0,8592.215112139558,10
base,60,100,10,7700,4,0.91,True,4134.65482696885,1876.3810250415534,29,7700,99.0,6219.380581619644,10,0.0,-109.97071624177835,0,0,96.0,3161.369109147762,10
base,61,100,10,7700,4,0.91,True,9894.7643129223,4485.860514254834,21,7700,99.0,9610.776001062017,10,0.0,-157.79052450945252,0,0,100.0,8824.559397409594,10
base,62,100,10,7700,4,0.91,True,-6879.178183368691,129.00314928637485,2,8400,80.0,3516.726271239694,10,0.0,-53.1818403953181,0,0,99.0,13753.286793512156,10
base,63,100,10,7700,4,0.91,True,22585.88433563817,16594.886288764446,28,8400,93.0,6555.8573784433975,10,0.0,15.669476119660539,0,0,100.0,10840.32352956494,10
base,64,100,10,7700,4,0.91,True,21040.256015886305,15480.048203127068,23,8300,97.0,-446.9898690523514,10,0.0,2597.269667801053,0,0,83.0,7665.174464556636,10
base,65,100,10,7700,4,0.91,True,-9390.582963283594,-2839.3885727058805,0,8100,94.0,2343.2611635607827,10,31372.510704250788,15403.625813002669,28,8392,100.0,14686.189032830935,10
base,66,100,10,7700,4,0.91,True,46526.372059702044,29641.261742913648,37,8100,98.0,5748.749394914737,10,0.0,-346.7437796530681,0,0,84.0,2631.0121781051785,10
base,67,100,10,7700,4,0.91,True,-310.49233771807485,-335.64277725110156,4,8100,100.0,6599.95801133823,10,0.0,-77.8642224810826,0,0,97.0,10403.354416164515,10
base,68,100,10,7700,4,0.91,True,-2582.525952882512,4558.270864149909,9,7700,88.0,6297.734781347411,10,0.0,5287.932891237623,0,0,98.0,3980.7814749934128,10
base,69,100,10,7700,4,0.91,True,-3508.7544873009865,-212.15491400721083,5,8700,100.0,10244.037271517107,10,0.0,2842.860020697588,0,0,94.0,5390.921136564883,10
base,70,100,10,7700,4,0.91,True,24873.831953824512,14305.81504208342,23,8400,100.0,4483.7768968038445,10,0.0,733.4336932397553,0,0,100.0,13768.642177225742,10
base,71,100,10,7700,4,0.91,True,-7234.670736593514,15046.848365732347,14,9800,98.0,3521.1983453964617,10,20025.7083446061,9821.99913680582,22,8352,97.0,10936.680544667508,10
base,72,100,10,7700,4,0.91,True,32303.452339190844,21120.704156963697,27,8300,100.0,10445.643287167859,10,0.0,37.52701132262824,0,0,97.0,6793.937105366454,10
base,73,100,10,7700,4,0.91,True,25123.41635964559,16367.981338901996,26,8100,100.0,9809.165086944124,10,0.0,-91.13062230102805,0,0,52.0,-5758.544877237139,10
base,74,100,10,7700,4,0.91,True,10061.702014128721,8591.908476153802,22,8000,95.0,3725.7089384142587,10,0.0,2194.3732121589287,0,0,97.0,8783.087022258835,10
base,75,100,10,7700,4,0.91,True,-7494.671614091887,7831.518213803417,12,9200,57.0,-6785.791542594115,10,0.0,5306.064429848504,0,0,71.0,-1698.2877925389312,10
base,76,100,10,7700,4,0.91,True,1631.247412058321,-516.4733155290962,14,7700,95.0,8632.653499719105,10,0.0,3334.8234541184906,0,0,89.0,4519.235456358993,10
base,77,100,10,7700,4,0.91,True,-907.7533945552568,-1388.3142370434032,3,7800,100.0,11672.497475701613,10,0.0,3352.8447982279004,0,0,98.0,10974.756029044362,10
base,78,100,10,7700,4,0.91,True,26534.72854304136,16164.928089103058,34,8000,98.0,9444.653447425877,10,0.0,-202.5698415027815,0,0,100.0,6901.842814375324,10
base,79,100,10,7700,4,0.91,True,24121.95078282668,12972.918808719662,27,7800,99.0,11123.853778160557,10,0.0,3419.7160029704005,0,0,97.0,4017.905804782854,10
base,80,100,10,7700,4,0.91,True,-6339.018742245886,-1761.0280910578144,0,7700,100.0,5107.3773445801935,10,0.0,-172.0066633010377,0,0,65.0,524.4291299593301,10
base,81,100,10,7700,4,0.91,True,2392.34921130538,4444.65033815244,13,8000,83.0,-3199.8462131770566,10,0.0,-354.5491391314511,0,0,99.0,5498.195760802005,10
base,82,100,10,7700,4,0.91,True,10630.178379509132,6033.14231673579,25,8000,93.0,11321.32974626626,10,0.0,-90.85058349523548,0,0,98.0,13581.180781956418,10
base,83,100,10,7700,4,0.91,True,7952.340001837423,8736.073253267234,25,8200,99.0,10539.140276782786,10,0.0,-137.5102157341148,0,0,38.0,-10073.05301018926,10
base,84,100,10,7700,4,0.91,True,2028.417276449749,268.99620369981625,9,7700,97.0,11518.183906880327,10,0.0,-114.0167419853789,0,0,98.0,12510.31409631036,10
base,85,100,10,7700,4,0.91,True,14522.05457068747,11740.209636940443,28,8400,95.0,4295.404280866156,10,0.0,-312.2614491202892,0,0,99.0,10639.27021040115,10
base,86,100,10,7700,4,0.91,True,19344.996798510678,14137.693772143459,28,8200,85.0,-3110.6857846815697,10,0.0,3893.1975005629306,0,0,83.0,3490.9996459056406,10
base,87,100,10,7700,4,0.91,True,8551.297426345962,10019.317058953251,24,8400,100.0,3898.6382153264813,10,-2731.8873717690403,454.1375543939733,2,8539,87.0,5225.341982447879,10
base,88,100,10,7700,4,0.91,True,21826.68295548903,13094.070591724545,19,8200,95.0,10145.741391602418,10,0.0,5536.900413666714,0,0,79.0,1517.5201196214682,10
base,89,100,10,7700,4,0.91,True,-1035.5069949002764,-1812.4668476646161,1,7800,99.0,10137.573600485135,10,0.0,4194.751722963538,0,0,96.0,-324.8449018093655,10
base,90,100,10,7700,4,0.91,True,22100.70025029732,21187.34963051568,19,8400,100.0,10586.37716480657,10,0.0,-132.570724550183,0,0,100.0,15167.236989005021,10
base,91,100,10,7700,4,0.91,True,-1855.8460497232827,-1534.549186282275,2,8300,90.0,11900.044736403082,10,0.0,-63.73709784695446,0,0,75.0,2961.45500893445,10
base,92,100,10,7700,4,0.91,True,-489.9399090596562,105.35263694063966,14,8000,93.0,7029.620096832785,10,0.0,2282.872722290024,0,0,87.0,9224.397737907639,10
base,93,100,10,7700,4,0.91,True,8171.719647433652,6326.905822404437,24,8600,91.0,-1104.6575177204263,10,0.0,-213.3376142430707,0,0,98.0,7770.381750233326,10
base,94,100,10,7700,4,0.91,True,-7482.002629766415,407.7006374186233,10,8600,90.0,6593.180614038492,10,0.0,186.29938620258687,0,0,99.0,11233.202028907366,10
base,95,100,10,7700,4,0.91,True,-8639.668442733077,1061.3645846180416,14,8500,100.0,6919.158939050156,10,14042.609524212967,11584.209827598925,13,8672,90.0,8682.823576015555,10
base,96,100,10,7700,4,0.91,True,-9323.82940006505,6187.737185408212,11,8700,84.0,4320.384739517141,10,20130.691138253693,12057.599236910668,18,8440,97.0,11646.048513467238,10
base,97,100,10,7700,4,0.91,True,-9301.87814993406,-2723.8410076549562,0,7700,99.0,8982.083748388803,10,0.0,4585.294337139216,0,0,100.0,14769.627479207387,10
base,98,100,10,7700,4,0.91,True,2706.015101818368,14093.614462749747,8,9400,76.0,3036.650810788814,10,0.0,-127.59949916284766,0,0,98.0,16685.881025218212,10
base,99,100,10,7700,4,0.91,True,-24682.594669659717,-2977.207898253732,0,8200,85.0,2475.961710634406,10,20855.40639804906,10216.594731432157,22,8577,96.0,7207.001975858462,10
equal_terms=False,0,100,10,7700,4,0.91,False,-7269.7473496269085,9775.011517112762,5,8800,94.0,-1542.2907569051545,10,0.0,-538.5366332908437,0,0,93.0,2267.84605295307,10
equal_terms=False,1,100,10,7700,4,0.91,False,-3928.352545137255,2080.2768257053594,9,8400,91.0,-5415.760150987401,10,25349.21823772836,16845.55931336873,19,8946,86.0,2677.914472562269,10
equal_terms=False,2,100,10,7700,4,0.91,False,-15310.88403345138,1245.9317128730809,13,9100,88.0,802.487661046502,10,0.0,-355.5531502377242,0,0,100.0,7866.027245204625,10
equal_terms=False,3,100,10,7700,4,0.91,False,-2219.8203755909617,-6221.785012642877,1,7900,99.0,8863.06627902298,10,0.0,-704.3099792371925,0,0,97.0,3373.813707775841,10
equal_terms=False,4,100,10,7700,4,0.91,False,11247.058774832512,7851.700615305744,14,8400,100.0,4861.404396020926,10,0.0,-208.816075398138,0,0,93.0,2711.726564633473,10
equal_terms=False,5,100,10,7700,4,0.91,False,-1870.4357961462083,-4387.490675592433,1,7700,96.0,12172.08874875405,10,0.0,5574.850416439239,0,0,81.0,4005.4989189234343,10
equal_terms=False,6,100,10,7700,4,0.91,False,2796.745314846732,9147.091830006324,19,8800,100.0,2100.147507360337,10,0.0,-391.4528855582346,0,0,85.0,8692.971480299751,10
equal_terms=False,7,100,10,7700,4,0.91,False,18041.163352611533,14367.117190471516,36,8200,100.0,2852.9100772488337,10,0.0,1678.3165656832723,0,0,100.0,5499.692770277952,10
equal_terms=False,8,100,10,7700,4,0.91,False,-767.249201714807,-1886.5347375919384,4,7700,79.0,8747.870857247519,10,0.0,-587.1656920057501,0,0,96.0,7383.153633917978,10
equal_terms=False,9,100,10,7700,4,0.91,False,4665.521099602109,7088.815608178874,4,9200,90.0,3226.4615084279153,10,0.0,-440.7327503904569,0,0,95.0,647.576987654189,10
equal_terms=False,10,100,10,7700,4,0.91,False,-423.57777565288416,-1360.0309120283948,2,8100,92.0,5356.259851568409,10,0.0,-55.361126327982554,0,0,100.0,12107.661065625922,10
equal_terms=False,11,100,10,7700,4,0.91,False,-3295.144747674305,-3850.1974819526886,0,8600,85.0,6128.97029910089,10,0.0,-375.31960450546285,0,0,97.0,9343.449191146585,10
equal_terms=False,12,100,10,7700,4,0.91,False,-5102.12736105097,-4338.518255486184,0,8500,93.0,184.22424666486185,10,-3255.895897771463,1139.5030681172325,2,9749,89.0,5895.2113848439385,10
equal_terms=False,13,100,10,7700,4,0.91,False,-1309.5432567716998,-4799.737056008518,3,8100,100.0,12858.715965514524,10,36370.64751251537,28930.96485155228,37,9244,93.0,6259.2765682848085,10
equal_terms=False,14,100,10,7700,4,0.91,False,-3917.089187826544,-4248.071362081352,0,8400,85.0,-1621.085468023529,10,0.0,13209.260715284086,0,0,88.0,4650.191891879152,10
equal_terms=False,15,100,10,7700,4,0.91,False,-3180.0889014435916,-8691.464912911624,1,8100,100.0,9569.56187373333,10,0.0,-691.8646070625911,0,0,94.0,1153.6125447239515,10
equal_terms=False,16,100,10,7700,4,0.91,False,8726.762167585679,6548.509443392476,18,8400,93.0,5583.470254089674,10,0.0,1622.7579682556948,0,0,91.0,9473.77576012741,10
equal_terms=False,17,100,10,7700,4,0.91,False,4062.4454453904473,6032.760910556715,19,8500,97.0,4229.983525161776,10,0.0,-82.14623781186435,0,0,87.0,6973.168923331776,10
equal_terms=False,18,100,10,7700,4,0.91,False,18746.068029012356,11620.40541705373,20,7900,100.0,10078.15625569887,10,0.0,-722.4432051778717,0,0,96.0,12243.451474126865,10
equal_terms=False,19,100,10,7700,4,0.91,False,764.8721113929387,3452.521541641067,5,9100,99.0,7202.200397264443,10,0.0,-952.4454628495904,0,0,82.0,6734.120883694693,10
equal_terms=False,20,100,10,7700,4,0.91,False,11446.857076478154,12491.318267986024,13,8700,100.0,-7598.447916358191,10,0.0,-179.3137284730743,0,0,87.0,2844.0738004021237,10
equal_terms=False,21,100,10,7700,4,0.91,False,-2878.4939018652367,-1786.1464865647943,1,8000,100.0,10738.304238110886,10,12851.645716302279,8454.198824217974,9,8554,84.0,5845.034715888441,10
equal_terms=False,22,100,10,7700,4,0.91,False,-1665.8305371353931,-2676.318662565683,0,9400,53.0,-11550.354538842952,10,0.0,-1172.052118114275,0,0,98.0,10785.87848774422,10
equal_terms=False,23,100,10,7700,4,0.91,False,-268.27364598191616,-824.3021072730585,1,7700,95.0,13805.883255071283,10,0.0,1640.0845610155075,0,0,96.0,9838.277552229558,10
equal_terms=False,24,100,10,7700,4,0.91,False,6337.53776876755,4592.630750097554,3,8000,93.0,5237.342901297524,10,0.0,-105.15327887402024,0,0,93.0,7833.112240388716,10
equal_terms=False,25,100,10,7700,4,0.91,False,20449.12051956248,13499.588494989393,21,8300,82.0,5533.473862139079,10,0.0,-188.9422480900442,0,0,88.0,8589.235642184667,10
equal_terms=False,26,100,10,7700,4,0.91,False,-3186.242291485147,-2031.868497814991,0,8800,100.0,11047.707409040157,10,33790.788576827515,26024.37535997545,23,9244,100.0,11185.712267409122,10
equal_terms=False,27,100,10,7700,4,0.91,False,-947.8646997783885,-2465.7401151008166,1,7900,100.0,11332.404569725826,10,0.0,-120.99208775116311,0,0,99.0,9781.906822094033,10
equal_terms=False,28,100,10,7700,4,0.91,False,-2486.091411258336,-6487.131733015148,1,8000,98.0,9631.632641793312,10,10240.072316113368,6591.831341333964,7,8648,89.0,8936.7101574657,10
equal_terms=False,29,100,10,7700,4,0.91,False,11033.351214772621,7240.646567987755,9,8700,86.0,12.290457534312736,10,15085.87719704453,7235.086899232452,9,8250,99.0,11472.132522504313,10
min_wage=6000,0,100,10,6000,4,0.91,True,11445.46479926454,19674.433561277976,12,7900,97.0,7570.382814327068,10,0.0,-173.79093128446465,0,0,84.0,311.94567795975746,10
min_wage=6000,1,100,10,6000,4,0.91,True,14632.056113725339,14423.998172979096,29,8000,97.0,4661.177545292337,10,0.0,14968.522799605962,0,0,68.0,4318.372916968129,10
min_wage=6000,2,100,10,6000,4,0.91,True,-6758.637389783646,5688.802111097223,8,9000,99.0,4987.840796961113,10,0.0,-113.56579061716606,0,0,87.0,4950.312665272536,10
min_wage=6000,3,100,10,6000,4,0.91,True,539.6565651706005,1390.8426651137831,6,7600,91.0,10251.001828209994,10,0.0,219.45549337036857,0,0,92.0,-683.028233011741,10
min_wage=6000,4,100,10,6000,4,0.91,True,19691.122135323792,15015.368369906113,16,7600,76.0,5127.8002927651605,10,0.0,2244.5840583619706,0,0,90.0,9947.762105212558,10
min_wage=6000,5,100,10,6000,4,0.91,True,-666.2361879938089,647.4094674835135,3,7500,90.0,3590.786600812341,10,30500.89940630553,16561.94423899704,22,7422,100.0,11676.981392533908,10
min_wage=6000,6,100,10,6000,4,0.91,True,19525.248135610906,16428.57712921901,26,7800,94.0,1672.9759519375425,10,0.0,-63.34574906554248,0,0,100.0,5864.576622375525,10
min_wage=6000,7,100,10,6000,4,0.91,True,20761.023626610564,15460.318004494378,30,7800,93.0,685.7276512550192,10,0.0,6527.634413474909,0,0,99.0,4096.292702846195,10
min_wage=6000,8,100,10,6000,4,0.91,True,2805.8122046203134,5507.042205712319,15,7800,100.0,5489.334093593656,10,0.0,-127.19422996206322,0,0,93.0,5588.939283676395,10
min_wage=6000,9,100,10,6000,4,0.91,True,38850.20748694164,23820.79815023079,33,7700,99.0,5736.5445563711355,10,0.0,-150.90086888485146,0,0,99.0,6696.444994623491,10
min_wage=6000,10,100,10,6000,4,0.91,True,11848.746340362588,10038.64582830329,18,7500,78.0,3942.155548429889,10,0.0,423.9065372782026,0,0,86.0,1149.0748894129697,10
min_wage=6000,11,100,10,6000,4,0.91,True,1577.297612363418,-289.76371005666425,5,7000,68.0,3007.336814507229,10,0.0,-80.12713450057721,0,0,98.0,2373.4643562471465,10
min_wage=6000,12,100,10,6000,4,0.91,True,-948.3087643688668,934.8091381105755,6,8000,97.0,2238.3015538810314,10,0.0,4587.986760382554,0,0,96.0,2809.6337920689866,10
min_wage=6000,13,100,10,6000,4,0.91,True,9100.691331983282,6671.6038202798045,17,7500,94.0,5005.351691042888,10,3548.497011310901,16171.716245850032,18,9216,75.0,4370.424447529494,10
min_wage=6000,14,100,10,6000,4,0.91,True,340.59950888800086,-1213.505860862055,3,7200,97.0,11372.32757903972,10,24202.01678141614,11874.134403172744,22,8089,91.0,10521.417957065918,10
min_wage=6000,15,100,10,6000,4,0.91,True,-2361.0193093634807,-852.8036703755598,4,7800,92.0,4473.043097886325,10,0.0,-153.8005969921013,0,0,85.0,5253.940949826212,10
min_wage=6000,16,100,10,6000,4,0.91,True,8985.278186588374,11153.325514171345,17,8200,100.0,8077.530910616833,10,0.0,8969.629250156497,0,0,84.0,6663.3324524117825,10
min_wage=6000,17,100,10,6000,4,0.91,True,2349.3758422964747,16387.59227031556,16,8200,83.0,4814.946976863159,10,0.0,1351.932062798643,0,0,91.0,1832.4683307963962,10
min_wage=6000,18,100,10,6000,4,0.91,True,898.2633817962487,11224.783958752525,10,8600,96.0,5945.2527708781645,10,0.0,-611.0154618021523,0,0,96.0,10359.597256445208,10
min_wage=6000,19,100,10,6000,4,0.91,True,15717.029147652938,18921.484162370976,21,8000,100.0,7334.584280504963,10,0.0,-419.49565195651905,0,0,73.0,9581.794346016733,10
min_wage=6000,20,100,10,6000,4,0.91,True,17606.976062195477,17756.497962040896,14,7700,82.0,-5794.8220985443495,10,-13467.611988943318,9483.56983920871,13,9864,96.0,-415.10606052606306,10
min_wage=6000,21,100,10,6000,4,0.91,True,7847.247038722984,7478.728212636372,25,7600,100.0,3983.270149488018,10,0.0,15132.838501408603,0,0,63.0,1821.478177203612,10
min_wage=6000,22,100,10,6000,4,0.91,True,2585.884288521869,2163.3437443396924,8,7300,71.0,3865.8888337971102,10,0.0,-350.32521589965796,0,0,97.0,12919.284324310935,10
min_wage=6000,23,100,10,6000,4,0.91,True,7361.724651046359,7899.817638153641,18,7500,81.0,6056.118403295261,10,0.0,4755.034239753918,0,0,90.0,5734.816613109332,10
min_wage=6000,24,100,10,6000,4,0.91,True,26797.533980933586,21811.257519761446,26,8100,98.0,349.0742819203675,10,48916.25374791365,22882.51389071202,37,7794,84.0,2701.058884901552,10
min_wage=6000,25,100,10,6000,4,0.91,True,24309.088678566208,16229.614743158902,23,7600,91.0,7317.52554259208,10,0.0,433.15261493096006,0,0,99.0,7640.592652638907,10
min_wage=6000,26,100,10,6000,4,0.91,True,3191.0870415650134,4028.993021134458,10,7700,100.0,9730.554179640076,10,5063.077317190895,21355.299437736612,20,9362,98.0,11115.398915542457,10
min_wage=6000,27,100,10,6000,4,0.91,True,-24882.20692885828,1693.1193593511439,0,7500,99.0,2505.241662545362,10,0.0,968.362966648894,0,0,88.0,3205.9269773240035,10
min_wage=6000,28,100,10,6000,4,0.91,True,-2703.2199199939023,806.8790406524498,4,7700,99.0,6714.744249440593,10,9223.77118445134,7976.571126248498,13,8625,96.0,2209.8856547309015,10
min_wage=6000,29,100,10,6000,4,0.91,True,26803.476975333702,19891.071808330264,19,7900,98.0,8754.151020180569,10,35458.97495941886,16419.884953544002,25,7545,100.0,10990.30749507075,10
min_wage=9000,0,100,10,9000,4,0.91,True,-6798.715382082435,-1138.2766285131015,2,9700,62.0,-7299.968547425034,10,0.0,-390.08330699480985,0,0,44.0,3148.1181524552057,10
min_wage=9000,1,100,10,9000,4,0.91,True,-1401.8157300833154,-1781.5658660548147,1,9000,96.0,4030.0681924795185,10,2147.932122497914,2079.0301458779395,5,9000,87.0,6802.138356547842,10
min_wage=9000,2,100,10,9000,4,0.91,True,-1940.9042325141581,-2698.629493361312,1,9000,49.0,1760.5555762730432,10,0.0,-421.2974822224895,0,0,70.0,5720.06608422932,10
min_wage=9000,3,100,10,9000,4,0.91,True,-2814.099529986219,-4417.894835895792,1,9000,86.0,2438.6674175286944,10,0.0,-391.4138279264233,0,0,44.0,-15110.0370126386,10
min_wage=9000,4,100,10,9000,4,0.91,True,-812.2777756569812,-836.5974120254889,6,9000,67.0,-232.98262681366177,10,0.0,-270.87719749242666,0,0,98.0,8673.769441976223,10
min_wage=9000,5,100,10,9000,4,0.91,True,-6313.815532819427,-4872.252155639525,0,9000,81.0,8125.408462957765,10,0.0,-30.31938423355434,0,0,98.0,11953.234871309647,10
min_wage=9000,6,100,10,9000,4,0.91,True,-855.0889967158892,-1116.6624438180336,3,9000,98.0,7304.383389496697,10,0.0,-512.1726829517874,0,0,92.0,9645.6315464883,10
min_wage=9000,7,100,10,9000,4,0.91,True,-902.812379623967,-1868.7757335519218,2,9000,54.0,5192.4093125710915,10,0.0,-43.92133551677302,0,0,85.0,7609.061962081129,10
min_wage=9000,8,100,10,9000,4,0.91,True,-2252.7593983990737,-3615.3790581990897,1,9000,78.0,-1483.225524406377,10,0.0,-223.09137281920607,0,0,89.0,5330.170580630269,10
min_wage=9000,9,100,10,9000,4,0.91,True,6066.8350976258225,2387.2888000972303,20,9000,99.0,4730.129435500811,10,0.0,-482.43336581386353,0,0,89.0,8031.3162425277205,10
min_wage=9000,10,100,10,9000,4,0.91,True,-1681.5733172953987,-2601.351651565716,2,9000,80.0,2082.134945978019,10,0.0,-323.50424444125883,0,0,93.0,746.7531225108203,10
min_wage=9000,11,100,10,9000,4,0.91,True,-2043.5452035384433,-4525.707771673825,1,9000,46.0,3107.6491168355483,10,0.0,-219.1385630720058,0,0,35.0,-6727.2791284616305,10
min_wage=9000,12,100,10,9000,4,0.91,True,-2418.540075063567,-3532.942788806264,1,9000,100.0,3970.0593286873363,10,0.0,-234.88142236877457,0,0,88.0,5978.06754831367,10
min_wage=9000,13,100,10,9000,4,0.91,True,-1980.8436838070265,-3374.5840245253285,2,9000,98.0,6032.5971924619535,10,0.0,1586.1654151607158,0,0,80.0,5920.141008056109,10
min_wage=9000,14,100,10,9000,4,0.91,True,-5415.9536733546365,-4524.434229045716,0,9100,83.0,-3223.7367544064646,10,1653.6507362859375,1610.5125565705987,5,9000,98.0,10087.300006352158,10
min_wage=9000,15,100,10,9000,4,0.91,True,-2316.3476988395278,-5247.536996489097,1,9000,75.0,2777.031860651176,10,0.0,-549.1341702971024,0,0,73.0,4569.385356445382,10
min_wage=9000,16,100,10,9000,4,0.91,True,-1341.500031284104,-1425.499417074936,5,9000,94.0,-60.08217543896535,10,545.9874838833093,517.1636746672158,5,9000,57.0,4162.203520771053,10
min_wage=9000,17,100,10,9000,4,0.91,True,-3732.4299454108695,-2052.6939236113008,1,9700,52.0,-10362.970429008745,10,0.0,-350.7294059551686,0,0,86.0,9471.805794142914,10
min_wage=9000,18,100,10,9000,4,0.91,True,-1245.5842581324177,-1327.0846285484554,3,9000,83.0,9021.55669559018,10,0.0,-506.042084700398,0,0,54.0,3753.017667443627,10
min_wage=9000,19,100,10,9000,4,0.91,True,-723.0045379554613,-1168.3923906473058,5,9000,79.0,4282.075038441037,10,0.0,-558.3961313370853,0,0,63.0,5068.302899926671,10
min_wage=9000,20,100,10,9000,4,0.91,True,248.47633438036428,-71.23150324354029,19,9000,66.0,1701.8747543598274,10,0.0,-22.840174892440118,0,0,63.0,2026.588287848932,10
min_wage=9000,21,100,10,9000,4,0.91,True,-2057.965783773203,-3480.797413620343,1,9000,96.0,4464.799196729454,10,0.0,468.0696669127993,0,0,67.0,7041.886458436517,10
min_wage=9000,22,100,10,9000,4,0.91,True,-1852.2592739687361,-3704.2795233879438,1,9000,45.0,-313.9970879736378,10,0.0,-595.5131162005423,0,0,85.0,-4089.489856684288,10
min_wage=9000,23,100,10,9000,4,0.91,True,-2174.5048061328307,-3043.155931635222,1,9000,100.0,10726.184953877037,10,0.0,-76.06908577298725,0,0,68.0,5549.691455760846,10
min_wage=9000,24,100,10,9000,4,0.91,True,4922.59926462789,2319.327066997,23,9000,75.0,3598.3500261471672,10,5579.408366833952,3270.1966553948673,13,9000,99.0,6076.803510772488,10
min_wage=9000,25,100,10,9000,4,0.91,True,42.725437869739835,-78.92061548646578,22,9000,71.0,3326.2653428331337,10,0.0,-414.67449088973444,0,0,77.0,5900.387902279415,10
min_wage=9000,26,100,10,9000,4,0.91,True,-2286.6565448028505,-2713.222604750785,1,9000,71.0,-7059.2966554742725,10,-23352.364773701745,4700.932076582159,10,11470,81.0,-9362.20302285512,10
min_wage=9000,27,100,10,9000,4,0.91,True,-1561.8606146011616,-3452.0735279528253,1,9000,95.0,9048.18167151057,10,0.0,-362.42780679862153,0,0,100.0,8564.124722255106,10
min_wage=9000,28,100,10,9000,4,0.91,True,-6173.917786866633,-4978.033220945398,0,9000,86.0,8139.794119835654,10,1730.8680722168574,1707.6919911432199,5,9000,92.0,8301.769556289266,10
min_wage=9000,29,100,10,9000,4,0.91,True,6524.895604316262,3057.557810677943,21,9000,94.0,6626.505567317117,10,1415.7777837349677,1408.678778839064,4,9000,83.0,61.018251167301784,10
patience=2,0,100,10,7700,2,0.91,True,18977.208724685115,13711.670371743448,27,8100,86.0,1500.0036491079009,10,0.0,-73.16785606658105,0,0,58.0,-814.374469569719,10
patience=2,1,100,10,7700,2,0.91,True,-5401.026035616174,4772.212844560035,19,8800,90.0,-6898.265762369626,10,0.0,4448.138694954676,0,0,76.0,2191.3671517064167,10
patience=2,2,100,10,7700,2,0.91,True,-4951.518943991665,2529.316724305178,11,8700,75.0,2370.5569142537497,10,0.0,-113.56579061716606,0,0,82.0,2165.3820195615094,10
patience=2,3,100,10,7700,2,0.91,True,-1868.4255916812872,-2093.417755073799,2,7800,100.0,8657.775209057176,10,0.0,-53.318362899484306,0,0,87.0,6800.259691587026,10
patience=2,4,100,10,7700,2,0.91,True,23290.33855814628,13785.983703362412,29,7900,94.0,4303.321044888001,10,0.0,656.4174372387175,0,0,100.0,9182.426771054978,10
patience=2,5,100,10,7700,2,0.91,True,-641.1754660840079,-1533.0802947630486,2,7700,97.0,7903.008881909863,10,0.0,9625.377359893126,0,0,49.0,-6278.100714958663,10
patience=2,6,100,10,7700,2,0.91,True,9915.470161546065,7063.874344096349,24,8200,100.0,7595.861085675138,10,0.0,-135.39717763697104,0,0,82.0,6549.409816400062,10
patience=2,7,100,10,7700,2,0.91,True,22947.08960863964,12447.138242559762,34,7800,96.0,6356.763477756844,10,0.0,3227.929590531557,0,0,43.0,-12379.608884588653,10
patience=2,8,100,10,7700,2,0.91,True,-4816.11282113177,942.4545188841629,15,8300,71.0,3989.304641451671,10,0.0,-127.19422996206322,0,0,80.0,4978.2969950698125,10
patience=2,9,100,10,7700,2,0.91,True,19560.387285824414,14592.259796386792,24,8500,100.0,2394.542508246946,10,0.0,-150.90086888485146,0,0,100.0,10676.051565020094,10
patience=2,10,100,10,7700,2,0.91,True,4534.488869881701,2162.8155550654437,14,7800,100.0,7355.771036334563,10,0.0,95.56193790782933,0,0,100.0,11939.03896642953,10
patience=2,11,100,10,7700,2,0.91,True,-1390.8742213311498,-1925.134573441305,2,7900,84.0,4695.685769605711,10,0.0,-110.8128487862915,0,0,97.0,7362.375259949695,10
patience=2,12,100,10,7700,2,0.91,True,-14878.467619189192,-1405.2936667103895,4,10600,22.0,-21078.23306745675,10,0.0,544.3016733640526,0,0,82.0,-2194.5919683448205,10
patience=2,13,100,10,7700,2,0.91,True,4257.013370907021,3936.444628815979,26,7900,100.0,8023.979902189802,10,0.0,5760.731721067289,0,0,93.0,8770.588213898562,10
patience=2,14,100,10,7700,2,0.91,True,-736.3500388266557,-1773.578487008195,2,7700,99.0,8687.381306113271,10,0.0,9260.481607601692,0,0,100.0,9777.295192617865,10
patience=2,15,100,10,7700,2,0.91,True,-1416.307582923845,-4034.5517235545954,1,8300,79.0,2626.777964264483,10,0.0,-176.0419797643832,0,0,98.0,5138.509367490567,10
patience=2,16,100,10,7700,2,0.91,True,12514.958109761094,6566.687746548887,22,8100,98.0,3295.489766193217,10,0.0,6157.629879481453,0,0,95.0,11642.409454661482,10
patience=2,17,100,10,7700,2,0.91,True,5532.545821387124,2726.063724691115,17,8200,100.0,13060.705904412258,10,0.0,-448.09843478575675,0,0,99.0,6141.444402128616,10
patience=2,18,100,10,7700,2,0.91,True,12565.75868300363,9719.185302587506,24,8100,99.0,8435.508516433,10,0.0,-138.4138674033771,0,0,84.0,-140.4106142265322,10
patience=2,19,100,10,7700,2,0.91,True,11231.88219086008,5828.703539268479,27,8200,96.0,5181.003809538031,10,0.0,-241.19262049169924,0,0,75.0,5076.344467623805,10
patience=2,20,100,10,7700,2,0.91,True,25860.245659812164,15317.321327482046,24,7900,98.0,4738.336046874244,10,0.0,5649.84107113147,0,0,100.0,17726.976372995105,10
patience=2,21,100,10,7700,2,0.91,True,-1864.0843458735071,-1279.2130449488097,4,8400,90.0,4460.269366602148,10,0.0,6275.917908683564,0,0,93.0,3067.607239386365,10
patience=2,22,100,10,7700,2,0.91,True,-269.2330782551253,-309.59832413510384,5,7700,99.0,8663.139342375662,10,0.0,-350.32521589965796,0,0,100.0,8420.178053629628,10
patience=2,23,100,10,7700,2,0.91,True,-6465.533685555551,-207.17445435977876,6,8800,75.0,-1291.3900700637762,10,0.0,2057.536639952234,0,0,100.0,14055.196323898697,10
patience=2,24,100,10,7700,2,0.91,True,10485.895901354612,12061.76745666425,19,8700,93.0,947.450393396258,10,0.0,5084.014851247621,0,0,98.0,8581.160820805966,10
patience=2,25,100,10,7700,2,0.91,True,7289.304251646245,7475.607711572642,19,8600,99.0,2338.250165007745,10,0.0,-139.83985582397835,0,0,94.0,11469.98528882069,10
patience=2,26,100,10,7700,2,0.91,True,-448.91023808720274,-590.0981106061294,4,8100,100.0,9568.98150923486,10,0.0,2667.9344393828605,0,0,100.0,1339.1322410667794,10
patience=2,27,100,10,7700,2,0.91,True,-54.42474778789256,-454.1389759368003,4,7700,94.0,13013.149099091655,10,0.0,-50.29134513028055,0,0,97.0,10113.603536905892,10
patience=2,28,100,10,7700,2,0.91,True,-6173.917786866633,-1915.9603019848912,0,7700,68.0,1168.0433071168998,10,0.0,7993.2211043530015,0,0,63.0,-1809.8015519808753,10
patience=2,29,100,10,7700,2,0.91,True,26768.653915679548,14797.697102085076,29,8100,100.0,6014.138723023995,10,0.0,6674.395101304835,0,0,60.0,8704.630157160547,10
patience=8,0,100,10,7700,8,0.91,True,22036.936240058363,13886.577064678175,29,8000,100.0,10846.628744983413,10,0.0,-73.16785606658105,0,0,86.0,-887.7611875267761,10
patience=8,1,100,10,7700,8,0.91,True,-1951.898254165215,2941.697934367668,8,8700,68.0,-6616.278525895259,10,0.0,1964.7909213106127,0,0,100.0,3372.3336650135366,10
patience=8,2,100,10,7700,8,0.91,True,6038.290209245795,3759.690494886612,23,8000,93.0,3051.755713728797,10,0.0,-113.56579061716606,0,0,98.0,7091.229834850494,10
patience=8,3,100,10,7700,8,0.91,True,-1030.2501687160257,-1982.8344243000395,2,8100,92.0,7114.155959598878,10,0.0,-50.87388018740545,0,0,100.0,10510.949092282932,10
patience=8,4,100,10,7700,8,0.91,True,23290.33855814628,13785.983703362412,29,7900,94.0,4303.321044888001,10,2334.730621837236,1741.2482158062035,6,7700,100.0,10176.280668449932,10
patience=8,5,100,10,7700,8,0.91,True,-1092.8931386340255,-1438.1168882528925,1,7700,86.0,8928.056276129679,10,0.0,9625.377359893126,0,0,72.0,2789.880283685749,10
patience=8,6,100,10,7700,8,0.91,True,13513.149895192648,8868.387848023858,27,8100,99.0,6975.043620620148,10,0.0,-135.39717763697104,0,0,82.0,6549.409816400062,10
patience=8,7,100,10,7700,8,0.91,True,22947.08960863964,12447.138242559762,34,7800,96.0,6356.763477756844,10,0.0,3227.929590531557,0,0,52.0,-470.6692127027174,10
patience=8,8,100,10,7700,8,0.91,True,-4026.6377415283714,23.036462327548236,11,8300,100.0,9971.065950253793,10,0.0,-197.20565853349177,0,0,99.0,9225.432978246488,10
patience=8,9,100,10,7700,8,0.91,True,19895.193016992067,12961.646889403064,26,8400,100.0,10878.05959877402,10,0.0,-150.90086888485146,0,0,97.0,12154.797697278653,10
patience=8,10,100,10,7700,8,0.91,True,537.8612034572288,1763.0272445211024,9,8100,98.0,11700.941334481871,10,0.0,95.56193790782933,0,0,100.0,8449.562902500056,10
patience=8,11,100,10,7700,8,0.91,True,-5733.317702957802,-1743.4345324803762,0,7800,95.0,8697.432261293075,10,0.0,-110.8128487862915,0,0,83.0,5017.817580094946,10
patience=8,12,100,10,7700,8,0.91,True,1267.1508983878448,-46.927927143543286,8,7700,89.0,6833.613052960453,10,0.0,544.3016733640526,0,0,87.0,7498.210443211474,10
patience=8,13,100,10,7700,8,0.91,True,-4031.9623758570087,1697.663826009904,13,8300,74.0,3218.858552873431,10,0.0,5760.731721067289,0,0,86.0,2615.1474386894524,10
patience=8,14,100,10,7700,8,0.91,True,-801.8979041188595,-1484.6066990972863,1,7700,100.0,9796.416406718196,10,0.0,9260.481607601692,0,0,100.0,11773.139106479177,10
patience=8,15,100,10,7700,8,0.91,True,-1716.3476988395278,-3852.2279872850368,1,8400,100.0,9904.72778080153,10,0.0,-176.0419797643832,0,0,100.0,7550.303663173772,10
patience=8,16,100,10,7700,8,0.91,True,5423.468420222976,4370.875228616626,18,8300,100.0,10859.451381548377,10,0.0,4196.962572545449,0,0,99.0,14560.130150080566,10
patience=8,17,100,10,7700,8,0.91,True,3310.968070183859,3489.3348343014436,12,8300,100.0,9279.521994676907,10,0.0,47.59368708638728,0,0,89.0,11608.965739191097,10
patience=8,18,100,10,7700,8,0.91,True,14941.776636279217,10145.760612949374,25,8000,100.0,2751.4313739194617,10,0.0,-138.4138674033771,0,0,87.0,5419.966897304548,10
patience=8,19,100,10,7700,8,0.91,True,-6229.198021095348,6539.936974657096,8,9500,95.0,6090.486212955105,10,0.0,-241.19262049169924,0,0,89.0,1089.9591435965401,10
patience=8,20,100,10,7700,8,0.91,True,6033.160420341257,15576.377123821027,16,8600,76.0,2477.831405286766,10,19545.969757310333,9701.839254424038,22,8013,97.0,7450.064742158902,10
patience=8,21,100,10,7700,8,0.91,True,213.79418042445468,-943.9462557204081,5,7900,97.0,7432.6659838062715,10,0.0,6275.917908683564,0,0,92.0,15270.64150638352,10
patience=8,22,100,10,7700,8,0.91,True,-269.2330782551253,-309.59832413510384,5,7700,99.0,8663.139342375662,10,0.0,-350.32521589965796,0,0,100.0,6415.61112340854,10
patience=8,23,100,10,7700,8,0.91,True,-3930.8178776101413,-567.7099834513119,2,7900,70.0,346.29578480152105,10,0.0,2057.536639952234,0,0,100.0,9935.242076218874,10
patience=8,24,100,10,7700,8,0.91,True,5125.41283858681,8093.23399990756,14,8900,91.0,-1532.5541389793761,10,0.0,10525.04669027589,0,0,100.0,12076.571000920881,10
patience=8,25,100,10,7700,8,0.91,True,8315.643083223811,8087.392270745154,18,8500,100.0,6467.757179473498,10,0.0,-139.83985582397835,0,0,83.0,5892.134013020834,10
patience=8,26,100,10,7700,8,0.91,True,-3094.27200962765,88.7820798190366,3,8100,100.0,10195.805014639753,10,0.0,6711.274053446986,0,0,64.0,5266.232961103774,10
patience=8,27,100,10,7700,8,0.91,True,-1474.6531397563485,-1836.8156412672467,2,8000,81.0,4243.823245669146,10,0.0,-50.29134513028055,0,0,100.0,12066.742755388086,10
patience=8,28,100,10,7700,8,0.91,True,-2049.7039284255716,-2013.4569936663092,1,8400,100.0,5218.417957887565,10,0.0,7993.2211043530015,0,0,70.0,3693.192483612466,10
patience=8,29,100,10,7700,8,0.91,True,22027.23880577658,16363.347266487519,25,8300,86.0,1365.3714196000424,10,0.0,6674.395101304835,0,0,60.0,6763.5161056483075,10
threshold=0.85,0,100,10,7700,4,0.85,True,21123.631210466207,15128.661878016293,31,8100,100.0,6074.460919560772,10,0.0,-73.16785606658105,0,0,72.0,-3428.8725621127223,10
threshold=0.85,1,100,10,7700,4,0.85,True,-12478.679587166895,3985.9677269114527,8,9800,90.0,-1529.0130789598047,10,0.0,1964.7909213106127,0,0,89.0,-115.31039956252425,10
threshold=0.85,2,100,10,7700,4,0.85,True,5388.997012759093,5896.413466470751,29,8100,100.0,7652.269042463035,10,0.0,-113.56579061716606,0,0,84.0,6045.436420182064,10
threshold=0.85,3,100,10,7700,4,0.85,True,-620.0171152218172,-1046.3769958215785,6,7800,100.0,11737.107542828648,10,0.0,-53.318362899484306,0,0,99.0,3543.832768310737,10
threshold=0.85,4,100,10,7700,4,0.85,True,23290.33855814628,13785.983703362412,29,7900,94.0,4303.321044888001,10,-5780.321609020968,1903.2074080350035,4,9317,100.0,8336.621308124739,10
threshold=0.85,5,100,10,7700,4,0.85,True,-851.1348982654654,-1208.8645395462397,1,7700,100.0,3998.37655295363,10,0.0,9625.377359893126,0,0,93.0,8033.624141346704,10
threshold=0.85,6,100,10,7700,4,0.85,True,9905.811222726334,10490.560864710087,26,8300,93.0,1785.8490306555861,10,0.0,-135.39717763697104,0,0,82.0,6549.409816400062,10
threshold=0.85,7,100,10,7700,4,0.85,True,22947.08960863964,12447.138242559762,34,7800,96.0,6356.763477756844,10,0.0,3227.929590531557,0,0,97.0,9916.406287962924,10
threshold=0.85,8,100,10,7700,4,0.85,True,4828.189480174842,1280.323358708303,23,7700,99.0,9553.542387211635,10,0.0,-127.19422996206322,0,0,91.0,4811.152621979127,10
threshold=0.85,9,100,10,7700,4,0.85,True,19560.387285824414,14259.782320034989,24,8500,100.0,1818.0437407140423,10,0.0,-150.90086888485146,0,0,95.0,7402.283744772563,10
threshold=0.85,10,100,10,7700,4,0.85,True,4804.173252914261,3519.342412651107,14,7800,96.0,4755.703766440527,10,0.0,95.56193790782933,0,0,100.0,5995.490274963672,10
threshold=0.85,11,100,10,7700,4,0.85,True,-767.1079165936226,-1396.882076473386,2,7700,100.0,3305.656521800668,10,0.0,-110.8128487862915,0,0,100.0,2571.6106508317753,10
threshold=0.85,12,100,10,7700,4,0.85,True,-8135.590481621606,-364.16522326593406,8,8400,100.0,7697.965694828058,10,0.0,544.3016733640526,0,0,94.0,3717.767903853068,10
threshold=0.85,13,100,10,7700,4,0.85,True,-4513.46349286061,2847.472849118916,19,8300,100.0,4997.581816982143,10,0.0,5760.731721067289,0,0,100.0,10913.838618578839,10
threshold=0.85,14,100,10,7700,4,0.85,True,-808.9038116531228,-1329.3912623512201,2,7700,100.0,10448.147634081572,10,0.0,9260.481607601692,0,0,95.0,9477.4962563082,10
threshold=0.85,15,100,10,7700,4,0.85,True,-1171.7213026627742,-2500.4036915817283,2,7800,99.0,12054.152146196988,10,0.0,-176.0419797643832,0,0,88.0,537.8828198030169,10
threshold=0.85,16,100,10,7700,4,0.85,True,5068.094360369592,6214.723032814934,16,8400,99.0,8292.628308757767,10,0.0,2836.434313674527,0,0,100.0,11282.69329720845,10
threshold=0.85,17,100,10,7700,4,0.85,True,6019.3082124111825,7978.276408095873,24,8300,62.0,-6912.940431517907,10,519.5437573034942,518.3768525574351,5,7700,99.0,9293.18596407359,10
threshold=0.85,18,100,10,7700,4,0.85,True,18468.411723526035,11707.382958014176,32,7900,86.0,4815.212013986837,10,0.0,-138.4138674033771,0,0,100.0,7874.845519103207,10
threshold=0.85,19,100,10,7700,4,0.85,True,8621.583607952081,8465.758399898352,21,8400,93.0,-623.2424919131569,10,0.0,-241.19262049169924,0,0,97.0,7029.405633210071,10
threshold=0.85,20,100,10,7700,4,0.85,True,21855.443403915546,16077.095909114547,28,8100,100.0,7896.579422276346,10,0.0,6729.343353360768,0,0,99.0,10057.675260537104,10
threshold=0.85,21,100,10,7700,4,0.85,True,-1824.17786529757,-507.44869370482695,7,8100,95.0,5936.851079731739,10,0.0,6275.917908683564,0,0,79.0,11330.735936357927,10
threshold=0.85,22,100,10,7700,4,0.85,True,-269.2330782551253,-309.59832413510384,5,7700,99.0,8663.139342375662,10,0.0,-350.32521589965796,0,0,99.0,8989.130330093034,10
threshold=0.85,23,100,10,7700,4,0.85,True,1442.186609699187,545.6255479314623,11,7800,100.0,3934.7714513699693,10,0.0,2057.536639952234,0,0,96.0,12916.966132840402,10
threshold=0.85,24,100,10,7700,4,0.85,True,8341.62680086169,10841.164124334622,18,8800,100.0,4733.209269069181,10,0.0,8295.750976673102,0,0,99.0,6817.530453274003,10
threshold=0.85,25,100,10,7700,4,0.85,True,7183.21769777732,9062.814363742358,20,8600,100.0,1764.830072542029,10,0.0,-139.83985582397835,0,0,93.0,5451.422196506771,10
threshold=0.85,26,100,10,7700,4,0.85,True,-578.8542356720282,1405.943803931922,11,8100,100.0,4454.90351857019,10,0.0,11722.88988340123,0,0,85.0,5140.291395363908,10
threshold=0.85,27,100,10,7700,4,0.85,True,-639.4624785611668,-140.69747990749096,4,7700,100.0,11416.741512238545,10,0.0,-50.29134513028055,0,0,99.0,12003.228609083317,10
threshold=0.85,28,100,10,7700,4,0.85,True,-652.2814206547555,-1447.97592875256,1,7700,95.0,10919.97204691928,10,0.0,7993.2211043530015,0,0,80.0,5455.626394978599,10
threshold=0.85,29,100,10,7700,4,0.85,True,14817.250494530308,12986.714261036366,24,8600,82.0,-351.2779949393982,10,0.0,6674.395101304835,0,0,63.0,6502.456957362298,10
threshold=0.95,0,100,10,7700,4,0.95,True,19085.489382848304,14785.907471898208,20,7900,83.0,5430.262566447307,10,0.0,-143.171742165113,0,0,98.0,6243.213271691,10
threshold=0.95,1,100,10,7700,4,0.95,True,13509.274215596786,8142.837829716814,29,8000,88.0,2801.731449229585,10,0.0,6923.831434635214,0,0,62.0,5442.731204930742,10
threshold=0.95,2,100,10,7700,4,0.95,True,-3763.9479743661213,3094.0123162430486,12,8600,45.0,-5132.3757883414455,10,0.0,-113.56579061716606,0,0,100.0,8717.250343680722,10
threshold=0.95,3,100,10,7700,4,0.95,True,-331.96320476412257,-984.5819579927315,3,7700,62.0,8160.212419764374,10,0.0,-690.4119929536656,0,0,81.0,6477.7463521769805,10
threshold=0.95,4,100,10,7700,4,0.95,True,14807.227569710216,8396.635997723763,18,8000,81.0,8645.409175052837,10,-767.3570878573555,923.2931715292967,2,7911,50.0,2132.340291528487,10
threshold=0.95,5,100,10,7700,4,0.95,True,-851.1348982654654,-1950.7554530900534,1,7700,99.0,3853.950323964539,10,0.0,4193.969773692627,0,0,77.0,4341.709916950794,10
threshold=0.95,6,100,10,7700,4,0.95,True,-1689.6674699391515,4516.134650716354,9,8600,100.0,10179.278186300195,10,0.0,-135.39717763697104,0,0,77.0,4386.983049055831,10
threshold=0.95,7,100,10,7700,4,0.95,True,2071.6273958712845,9517.01696645439,13,8000,69.0,259.35481268386246,10,0.0,1196.6318388177524,0,0,100.0,10620.486423778022,10
threshold=0.95,8,100,10,7700,4,0.95,True,6634.348507613497,2172.0325106894684,24,7700,99.0,6172.757753617122,10,0.0,-129.44108614826925,0,0,96.0,9006.827673398007,10
threshold=0.95,9,100,10,7700,4,0.95,True,13252.883674905577,11869.029360112727,17,8600,96.0,6707.095329646841,10,0.0,-150.90086888485146,0,0,95.0,-1100.6804446659025,10
threshold=0.95,10,100,10,7700,4,0.95,True,-1878.2199619058665,-1304.0071228655158,8,8400,100.0,11785.173302672581,10,0.0,-206.17539557775783,0,0,81.0,-3223.627624792797,10
threshold=0.95,11,100,10,7700,4,0.95,True,-7004.099884083812,-2252.1516081859954,0,7900,100.0,8812.460631607533,10,0.0,-80.12713450057721,0,0,100.0,11864.595845984084,10
threshold=0.95,12,100,10,7700,4,0.95,True,-1978.317349106699,-980.6433295715539,5,8200,63.0,2533.219443615082,10,0.0,1782.8770376320522,0,0,100.0,14093.655070045124,10
threshold=0.95,13,100,10,7700,4,0.95,True,-2847.7758562976596,-419.41690564993087,5,8400,56.0,-4047.197136056665,10,0.0,2677.9178951358604,0,0,96.0,17232.938213807545,10
threshold=0.95,14,100,10,7700,4,0.95,True,-6616.401452874564,-1984.95562121466,0,7700,70.0,8249.29375234614,10,0.0,3554.272648844523,0,0,73.0,7149.410518820165,10
threshold=0.95,15,100,10,7700,4,0.95,True,-1716.3476988395278,-3091.734479368115,1,8400,90.0,2638.361014852851,10,0.0,-397.47023457260536,0,0,89.0,6165.4538626192625,10
threshold=0.95,16,100,10,7700,4,0.95,True,10678.198966958284,5940.861070658601,23,8100,96.0,4603.04342809964,10,0.0,496.82538474324224,0,0,85.0,8923.517896716712,10
threshold=0.95,17,100,10,7700,4,0.95,True,-4239.351838541792,2872.039160076714,8,9000,93.0,5369.869731915346,10,0.0,-290.29895854378725,0,0,91.0,13633.287095599318,10
threshold=0.95,18,100,10,7700,4,0.95,True,4363.474871434475,5711.057158915978,16,8400,86.0,6179.617469166452,10,0.0,-755.8164988999557,0,0,73.0,1105.5798864837277,10
threshold=0.95,19,100,10,7700,4,0.95,True,10420.169228828847,7518.923376978344,19,8200,98.0,6299.591503265125,10,0.0,-408.1008210547601,0,0,100.0,6321.170543708833,10
threshold=0.95,20,100,10,7700,4,0.95,True,10303.067261897828,9259.203427986517,19,8400,100.0,5663.9582235040025,10,-18470.587259315755,2829.2967446854277,2,8467,70.0,-4820.4733660944385,10
threshold=0.95,21,100,10,7700,4,0.95,True,-1029.2010657936626,-2134.324550527967,2,8300,100.0,5313.621367137637,10,0.0,3916.8331409782545,0,0,97.0,1774.8186917566188,10
threshold=0.95,22,100,10,7700,4,0.95,True,-2418.7168946773018,-1337.2638331467529,1,7700,83.0,4200.227139672422,10,0.0,-285.82521589965796,0,0,71.0,929.4631212096405,10
threshold=0.95,23,100,10,7700,4,0.95,True,-346.545144093805,-600.3235696196116,3,7700,99.0,12577.539306596926,10,0.0,2318.7047265162832,0,0,79.0,2420.5441607389976,10
threshold=0.95,24,100,10,7700,4,0.95,True,21597.533980933586,10853.136361294975,26,8300,100.0,12902.420942723875,10,0.0,3056.3284682489984,0,0,96.0,13620.195233322107,10
threshold=0.95,25,100,10,7700,4,0.95,True,17373.86518562073,9216.6563651763,24,8100,88.0,4922.723025477211,10,0.0,-170.08356518821176,0,0,85.0,9423.932849403926,10
threshold=0.95,26,100,10,7700,4,0.95,True,2072.2303217978915,340.95368486216114,6,7700,100.0,4592.323606327659,10,0.0,3616.325775468273,0,0,67.0,-5213.73000956334,10
threshold=0.95,27,100,10,7700,4,0.95,True,-1304.9654822943376,-1183.4517112299518,1,8100,99.0,11598.830582969196,10,0.0,-50.29134513028055,0,0,64.0,3661.669474106426,10
threshold=0.95,28,100,10,7700,4,0.95,True,-6173.917786866633,-2908.795806215593,0,7900,62.0,-7711.751387706407,10,0.0,3477.440910791655,0,0,44.0,-6571.654849830268,10
threshold=0.95,29,100,10,7700,4,0.95,True,6022.871864425288,6123.750026407551,13,8900,96.0,8284.98363434427,10,0.0,5533.902291639779,0,0,46.0,-7432.063904069061,10
